{"cameraMode":{"drawMode":0,"name":"Shaded","section":"Shading Mode"},"sceneLighting":false,"audioPlay":false,"sceneViewState":{"m_AlwaysRefresh":false,"showFog":true,"showSkybox":false,"showFlares":true,"showImageEffects":true,"showParticleSystems":true,"showVisualEffectGraphs":true,"m_FxEnabled":true},"in2DMode":false,"pivot":{"x":0.24041223526000977,"y":1.5073444843292237,"z":-0.9772528409957886},"rotation":{"x":0.012173641473054886,"y":0.9874883890151978,"z":-0.09748467057943344,"w":0.12356472760438919},"size":1.4608278274536133,"orthographic":false}