{"cameraMode":{"drawMode":0,"name":"Shaded","section":"Shading Mode"},"sceneLighting":false,"audioPlay":false,"sceneViewState":{"m_AlwaysRefresh":false,"showFog":true,"showSkybox":false,"showFlares":true,"showImageEffects":true,"showParticleSystems":true,"showVisualEffectGraphs":true,"m_FxEnabled":true},"in2DMode":false,"pivot":{"x":1.7029999494552613,"y":3.2009999752044679,"z":4.28000020980835},"rotation":{"x":-0.019040031358599664,"y":0.9724587202072144,"z":-0.08051478117704392,"w":-0.21876798570156098},"size":0.6057137250900269,"orthographic":false}