{"cameraMode":{"drawMode":0,"name":"Shaded","section":"Shading Mode"},"sceneLighting":false,"audioPlay":false,"sceneViewState":{"m_AlwaysRefresh":false,"showFog":true,"showSkybox":false,"showFlares":true,"showImageEffects":true,"showParticleSystems":true,"showVisualEffectGraphs":true,"m_FxEnabled":true},"in2DMode":false,"pivot":{"x":-1.7881393432617188e-7,"y":0.00002288818359375,"z":0.051134347915649417},"rotation":{"x":-0.17903004586696626,"y":0.0005917751113884151,"z":0.00010540823132032529,"w":0.9838472604751587},"size":0.3581988215446472,"orthographic":true}